{
	"class_name" : "PinholeCameraParameters",
	"extrinsic" : 
	[
		0.98531296276352687,
		0.017494776446634996,
		0.16985964266783091,
		0.0,
		0.0328688126515084,
		-0.99556700574227097,
		-0.088124787842292565,
		0.0,
		0.16756493238455647,
		0.092413580573697612,
		-0.98152010858693461,
		0.0,
		-10.020118768233761,
		7.6871994825693957,
		26.690089259503484,
		1.0
	],
	"intrinsic" : 
	{
		"height" : 600,
		"intrinsic_matrix" : 
		[
			519.6152422706632,
			0.0,
			0.0,
			0.0,
			519.6152422706632,
			0.0,
			399.5,
			299.5,
			1.0
		],
		"width" : 800
	},
	"version_major" : 1,
	"version_minor" : 0
}