{
	"class_name" : "PinholeCameraParameters",
	"extrinsic" : 
	[
		0.74789791812420547,
		-0.27011274057124884,
		0.60637266713347882,
		0.0,
		0.012740553064981147,
		-0.90745885506251911,
		-0.41994774041089977,
		0.0,
		0.6636914813172442,
		0.3218035639170444,
		-0.67524520277985756,
		0.0,
		-12.364622137266373,
		7.1139091143014799,
		35.112600511343253,
		1.0
	],
	"intrinsic" : 
	{
		"height" : 1009,
		"intrinsic_matrix" : 
		[
			873.8196324184986,
			0.0,
			0.0,
			0.0,
			873.8196324184986,
			0.0,
			959.5,
			504.0,
			1.0
		],
		"width" : 1920
	},
	"version_major" : 1,
	"version_minor" : 0
}