{
	"class_name" : "PinholeCameraParameters",
	"extrinsic" : 
	[
		0.28580109391976422,
		-0.43700787815871445,
		0.85284339074737769,
		0.0,
		0.54237981265193114,
		-0.65993181599231987,
		-0.51991743293405246,
		0.0,
		0.79002650179720058,
		0.61115800957550825,
		0.048415016160079961,
		0.0,
		-13.382435101786594,
		3.7688170556098441,
		28.673669931129663,
		1.0
	],
	"intrinsic" : 
	{
		"height" : 1009,
		"intrinsic_matrix" : 
		[
			873.8196324184986,
			0.0,
			0.0,
			0.0,
			873.8196324184986,
			0.0,
			959.5,
			504.0,
			1.0
		],
		"width" : 1920
	},
	"version_major" : 1,
	"version_minor" : 0
}