{
	"class_name" : "PinholeCameraParameters",
	"extrinsic" : 
	[
		0.85677534988602888,
		0.38427612914674664,
		-0.34390093980049807,
		0.0,
		0.088571205404461756,
		-0.76662015934739036,
		-0.63596279203691042,
		0.0,
		-0.50802671327487636,
		0.51441752288406239,
		-0.69085705522123153,
		0.0,
		-3.0273948950092606,
		-1.0028018945206441,
		35.120550764293746,
		1.0
	],
	"intrinsic" : 
	{
		"height" : 600,
		"intrinsic_matrix" : 
		[
			519.6152422706632,
			0.0,
			0.0,
			0.0,
			519.6152422706632,
			0.0,
			399.5,
			299.5,
			1.0
		],
		"width" : 800
	},
	"version_major" : 1,
	"version_minor" : 0
}