{
	"class_name" : "PinholeCameraParameters",
	"extrinsic" : 
	[
		0.99675841869427073,
		0.0229888350081335,
		0.077098432066195058,
		0.0,
		0.03091627579752387,
		-0.99417383856348829,
		-0.10325968529271494,
		0.0,
		0.074275424286289471,
		0.10530855701654974,
		-0.99166187239713099,
		0.0,
		-8.7815739562543378,
		6.4562517922828349,
		26.635790956365881,
		1.0
	],
	"intrinsic" : 
	{
		"height" : 1009,
		"intrinsic_matrix" : 
		[
			873.8196324184986,
			0.0,
			0.0,
			0.0,
			873.8196324184986,
			0.0,
			959.5,
			504.0,
			1.0
		],
		"width" : 1920
	},
	"version_major" : 1,
	"version_minor" : 0
}