{
	"class_name" : "PinholeCameraParameters",
	"extrinsic" : 
	[
		0.99435110056811038,
		-0.084435539432444223,
		0.064315849366542707,
		0.0,
		-0.060248131682537343,
		-0.94786623772297429,
		-0.31292132879312928,
		0.0,
		0.087384503361587484,
		0.30727875791477394,
		-0.94759892016960556,
		0.0,
		-8.6184270853151403,
		6.25669679967665,
		31.033056291494699,
		1.0
	],
	"intrinsic" : 
	{
		"height" : 600,
		"intrinsic_matrix" : 
		[
			519.6152422706632,
			0.0,
			0.0,
			0.0,
			519.6152422706632,
			0.0,
			399.5,
			299.5,
			1.0
		],
		"width" : 800
	},
	"version_major" : 1,
	"version_minor" : 0
}