{
	"class_name" : "PinholeCameraParameters",
	"extrinsic" : 
	[
		0.97688344038380626,
		0.20860413052957724,
		-0.046723234368970017,
		0.0,
		-0.074950471743251826,
		0.12953151712338706,
		-0.98873859682788645,
		0.0,
		-0.20020282387959118,
		0.96938429056680764,
		0.14217217207641092,
		0.0,
		-5.9647062304681882,
		-11.113919474868062,
		28.204366712593426,
		1.0
	],
	"intrinsic" : 
	{
		"height" : 600,
		"intrinsic_matrix" : 
		[
			519.6152422706632,
			0.0,
			0.0,
			0.0,
			519.6152422706632,
			0.0,
			399.5,
			299.5,
			1.0
		],
		"width" : 800
	},
	"version_major" : 1,
	"version_minor" : 0
}